brand_name,model,price,rating,has_5g,has_nfc
oneplus,OnePlus 11 5G,54999,89,TRUE,TRUE
oneplus,OnePlus Nord CE 2 Lite 5G,19989,81,TRUE,FALSE
samsung,Samsung Galaxy A14 5G,16499,75,TRUE,FALSE
motorola,Motorola Moto G62 5G,14999,81,TRUE,FALSE
realme,Realme 10 Pro Plus,24999,82,TRUE,FALSE
samsung,Samsung Galaxy F23 5G (6GB RAM + 128GB),16999,80,TRUE,TRUE
apple,Apple iPhone 14,65999,81,TRUE,TRUE
xiaomi,Xiaomi Redmi Note 12 Pro Plus,29999,86,TRUE,FALSE
nothing,Nothing Phone 1,26749,85,TRUE,TRUE
oneplus,OnePlus Nord 2T 5G,28999,84,TRUE,TRUE
realme,Realme 10 Pro,18999,82,TRUE,FALSE
oppo,Oppo A78,18999,79,TRUE,TRUE
xiaomi,Xiaomi Redmi Note 12 Pro 5G,24762,79,TRUE,FALSE
vivo,Vivo T1 5G (6GB RAM + 128GB),16990,80,TRUE,FALSE
samsung,Samsung Galaxy S23 Ultra 5G,114990,,TRUE,TRUE
apple,Apple iPhone 13,62999,79,TRUE,TRUE
vivo,Vivo Y16,9999,65,FALSE,FALSE
oppo,OPPO Reno 9 Pro Plus,45999,86,TRUE,TRUE
oneplus,OnePlus 10R 5G,32999,86,TRUE,TRUE
vivo,Vivo Y22,14499,72,FALSE,FALSE
oneplus,OnePlus 11R,39999,85,TRUE,TRUE
vivo,Vivo V25 Pro 5G,35999,85,TRUE,FALSE
poco,Poco X4 Pro 5G,14999,80,TRUE,FALSE
xiaomi,Xiaomi Redmi Note 12,17859,76,TRUE,FALSE
vivo,Vivo V26 Pro,42990,87,TRUE,TRUE
samsung,Samsung Galaxy S20 FE 5G,31239,88,TRUE,TRUE
oneplus,OnePlus Nord CE 2 Lite 5G (8GB RAM + 128GB),21995,84,TRUE,FALSE
apple,Apple iPhone 14 Pro Max,129990,76,TRUE,TRUE
vivo,Vivo V25 5G,27999,83,TRUE,FALSE
oneplus,OnePlus 11 Pro,69999,,TRUE,TRUE
realme,Realme 10 Pro (8GB RAM + 128GB),19999,84,TRUE,FALSE
poco,Poco X5 Pro,20999,81,TRUE,TRUE
vivo,Vivo V27,27990,83,TRUE,FALSE
apple,Apple iPhone 11,38999,73,FALSE,TRUE
samsung,Samsung Galaxy M53 5G,23790,85,TRUE,FALSE
samsung,Samsung Galaxy S21 FE 5G,39999,87,TRUE,TRUE
oppo,Oppo Reno 8T,29990,87,TRUE,TRUE
samsung,Samsung Galaxy S22 Ultra 5G,91999,,TRUE,TRUE
xiaomi,Xiaomi Redmi Note 12 Pro Max 5G,32999,83,TRUE,FALSE
oppo,OPPO Reno 9 5G,28499,83,TRUE,TRUE
oneplus,OnePlus Nord CE 3 5G,21999,83,TRUE,TRUE
xiaomi,Xiaomi Redmi Note 11 Pro Plus 5G,19999,83,TRUE,FALSE
motorola,Motorola Edge 20 Fusion 5G,18999,87,TRUE,TRUE
realme,Realme 10 Pro Plus (8GB RAM + 256GB),27999,85,TRUE,FALSE
vivo,Vivo Y35,18499,80,FALSE,FALSE
samsung,Samsung Galaxy M33 5G,17478,81,TRUE,TRUE
xiaomi,Xiaomi Redmi Note 11,11936,76,FALSE,FALSE
realme,Realme C33,8950,64,FALSE,FALSE
vivo,Vivo Y16 (4GB RAM + 64GB),12489,68,FALSE,FALSE
samsung,Samsung Galaxy A74 5G,42999,,TRUE,TRUE
samsung,Samsung Galaxy A14 5G (6GB RAM + 128GB),18999,79,TRUE,FALSE
iqoo,iQOO Neo 7 5G,29999,82,TRUE,TRUE
jio,Jio JioPhone 5G,11990,64,TRUE,FALSE
motorola,Motorola Moto G82 5G,18999,83,TRUE,TRUE
realme,Realme 10,13999,74,FALSE,FALSE
realme,Realme 9i 5G,14965,75,TRUE,FALSE
apple,Apple iPhone 14 Plus,74999,82,TRUE,TRUE
xiaomi,Xiaomi Redmi Note 10S,10999,78,FALSE,FALSE
samsung,Samsung Galaxy S23 Plus,84990,89,TRUE,TRUE
motorola,Motorola Moto G32,10499,75,FALSE,FALSE
xiaomi,Xiaomi Redmi Note 13 Pro 5G,17990,78,TRUE,TRUE
vivo,Vivo S16,29990,85,TRUE,TRUE
samsung,Samsung Galaxy A23,18499,79,FALSE,FALSE
vivo,Vivo Y22 (6GB RAM + 128GB),16499,75,FALSE,FALSE
poco,Poco M4 Pro 5G (6GB RAM + 128GB),14999,81,TRUE,FALSE
vivo,Vivo S16 Pro,35499,86,TRUE,TRUE
oneplus,OnePlus 10 Pro 5G,60999,89,TRUE,TRUE
xiaomi,Xiaomi Redmi Note 12 Pro Plus (12GB RAM + 256GB),32999,87,TRUE,FALSE
samsung,Samsung Galaxy F23 5G,15999,78,TRUE,TRUE
oppo,Oppo Find N Fold,99990,,TRUE,TRUE
oppo,OPPO A17K,9499,62,FALSE,FALSE
vivo,Vivo V23 5G (12GB RAM + 256GB),27994,86,TRUE,FALSE
iqoo,iQOO Z6 Lite 5G,13989,75,TRUE,FALSE
oneplus,OnePlus 10T,44999,85,TRUE,TRUE
xiaomi,Xiaomi Redmi Note 10T 5G (6GB RAM +128GB),13999,79,TRUE,FALSE
gionee,Gionee G13 Pro,6190,,FALSE,FALSE
apple,Apple iPhone 13 Pro,119900,83,TRUE,TRUE
oppo,OPPO F22 Pro,27660,83,TRUE,FALSE
samsung,Samsung Galaxy A34 5G,24999,75,TRUE,TRUE
xiaomi,Xiaomi Redmi 10A (4GB RAM + 64GB),8388,66,FALSE,FALSE
motorola,Motorola Moto G72 4G,15999,83,FALSE,TRUE
samsung,Samsung Galaxy A14 5G (8GB RAM + 128GB),20999,82,TRUE,FALSE
realme,Realme 9 5G,13999,75,TRUE,FALSE
vivo,Vivo T1 5G (8GB RAM + 128GB),19990,83,TRUE,FALSE
samsung,Samsung Galaxy M13 5G,13999,75,TRUE,FALSE
motorola,Motorola Edge 30 5G,22999,83,TRUE,TRUE
samsung,Samsung Galaxy A23 5G,22999,79,TRUE,FALSE
oppo,OPPO K10 5G,16999,79,TRUE,FALSE
xiaomi,Xiaomi Redmi Note 11 (6GB RAM + 128GB),14290,80,FALSE,FALSE
samsung,Samsung Galaxy A73 5G,41999,,TRUE,TRUE
vivo,Vivo Y21 2021,13489,69,FALSE,FALSE
oneplus,OnePlus Ace Racing Edition 5G,22990,83,TRUE,TRUE
motorola,Motorola Moto G62 (8GB RAM + 128GB),16499,84,TRUE,FALSE
vivo,Vivo X90 Pro Plus 5G,73999,,TRUE,TRUE
realme,Realme C33 (4GB RAM + 64GB),9999,67,FALSE,FALSE
realme,Realme 9i,12499,75,FALSE,FALSE
oppo,OPPO A17,12499,72,FALSE,FALSE
iqoo,iQOO 11 5G,59999,88,TRUE,TRUE
vivo,Vivo X Fold 5G,106990,,TRUE,TRUE
vivo,Vivo T1 5G,15990,78,TRUE,FALSE
apple,Apple iPhone 14 Pro,119990,75,TRUE,TRUE
xiaomi,Xiaomi Redmi Note 11 Pro Max 5G,19999,83,TRUE,FALSE
motorola,Motorola Moto S30 Pro,23990,83,TRUE,FALSE
realme,Realme 10s,12999,80,TRUE,FALSE
oppo,OPPO F19 Pro Plus 5G,19990,82,TRUE,FALSE
xiaomi,Xiaomi 13 Pro 5G,58990,,TRUE,TRUE
vivo,Vivo V27 Pro,43999,87,TRUE,FALSE
samsung,Samsung Galaxy S22 5G,49999,86,TRUE,TRUE
vivo,Vivo T1 44W (6GB RAM + 128GB),15999,79,FALSE,FALSE
oneplus,OnePlus 10R 5G (12GB RAM + 256GB),36999,87,TRUE,TRUE
tecno,Tecno Phantom X2,39999,85,TRUE,TRUE
apple,Apple iPhone 12,51999,74,TRUE,TRUE
xiaomi,Xiaomi Redmi K50i 5G,22999,82,TRUE,FALSE
samsung,Samsung Galaxy A53 5G,31999,87,TRUE,TRUE
xiaomi,Xiaomi Redmi A1,6171,,FALSE,FALSE
oppo,OPPO Reno8 5G,29340,83,TRUE,TRUE
samsung,Samsung Galaxy M53 5G (8GB RAM + 128GB),25289,87,TRUE,FALSE
iqoo,iQOO Z6 Pro 5G,21788,78,TRUE,FALSE
tesla,Tesla Pi Phone,69999,83,TRUE,TRUE
samsung,Samsung Galaxy S23,70990,88,TRUE,TRUE
motorola,Motorola Edge 30 Pro 5G,34999,89,TRUE,TRUE
oneplus,OnePlus Nord 2T (12GB RAM + 256GB),33900,85,TRUE,TRUE
google,Google Pixel 6A,29999,71,TRUE,TRUE
infinix,Infinix Note 12 Pro 5G,18999,84,TRUE,FALSE
samsung,Samsung Galaxy M33 5G (8GB RAM + 128GB),19499,84,TRUE,TRUE
vivo,Vivo V23 5G,24994,83,TRUE,FALSE
motorola,Motorola Moto G42,10999,78,FALSE,TRUE
oneplus,OnePlus Nord CE 2 Lite 5G (8GB RAM + 256GB),24999,85,TRUE,FALSE
samsung,Samsung Galaxy A33 5G,25999,82,TRUE,TRUE
google,Google Pixel 7A,34990,69,TRUE,TRUE
xiaomi,Xiaomi Redmi 11 Prime 5G,13466,74,TRUE,FALSE
xiaomi,Xiaomi Redmi Note 10 Lite,9999,76,FALSE,FALSE
motorola,Motorola Moto E40,7999,71,FALSE,FALSE
nothing,Nothing Phone 1 (8GB RAM + 256GB),28249,86,TRUE,TRUE
poco,Poco X4 Pro 5G (6GB RAM + 128GB),16499,82,TRUE,FALSE
xiaomi,Xiaomi Redmi Note 11 Pro Plus 5G (8GB RAM + 256GB),22999,87,TRUE,FALSE
apple,Apple iPhone 11 (128GB),46999,75,FALSE,TRUE
realme,Realme C35 (6GB RAM + 128GB),13999,74,FALSE,FALSE
oppo,OPPO K10,13490,78,FALSE,FALSE
iqoo,iQOO Neo 6 5G,28999,82,TRUE,FALSE
iqoo,iQOO Z6 5G,15499,78,TRUE,FALSE
oppo,OPPO Reno 9 Pro 5G,39999,86,TRUE,TRUE
poco,Poco M4 Pro 5G,12999,76,TRUE,FALSE
jio,Jio Phone 3,4499,,FALSE,FALSE
oneplus,OnePlus Clover,14999,69,FALSE,FALSE
samsung,Samsung Galaxy F04,8499,68,FALSE,FALSE
iqoo,iQOO 7,24990,83,TRUE,TRUE
samsung,Samsung Galaxy M34 5G,16999,84,TRUE,TRUE
xiaomi,Xiaomi Redmi 10,9589,71,FALSE,FALSE
apple,Apple iPhone 12 Mini,40999,74,TRUE,TRUE
xiaomi,Xiaomi Redmi Note 12 (6GB RAM + 128GB),19988,79,TRUE,FALSE
motorola,Motorola Moto G52,11999,75,FALSE,TRUE
apple,Apple iPhone 15 Pro Max,142990,79,TRUE,TRUE
oppo,Oppo A98,30990,87,TRUE,TRUE
infinix,Infinix Zero 5G 2023,19499,85,TRUE,FALSE
realme,Realme C30,5299,,FALSE,FALSE
oppo,OPPO F21 Pro 5G,25969,82,TRUE,FALSE
realme,Realme 11 Pro,28999,82,TRUE,FALSE
oppo,Oppo Find N2 5G,94990,,TRUE,TRUE
realme,Realme 9 4G,14999,81,FALSE,FALSE
cola,Cola Phone,14999,74,FALSE,FALSE
apple,Apple iPhone 13 Pro Max,129900,84,TRUE,TRUE
oppo,Oppo Reno 10 Pro Plus,58990,88,TRUE,TRUE
vivo,Vivo X90 5G,41990,88,TRUE,TRUE
samsung,Samsung Galaxy F13,10999,74,FALSE,TRUE
xiaomi,Xiaomi Redmi Note 10S (6GB RAM + 128GB),11999,79,FALSE,FALSE
realme,Realme 10 (8GB RAM + 128GB),16999,79,FALSE,FALSE
iqoo,iQOO 9 SE 5G,30990,83,TRUE,TRUE
infinix,Infinix Hot 20,17999,75,TRUE,FALSE
letv,Letv Y1 Pro,5499,,FALSE,FALSE
xiaomi,Xiaomi Redmi Note 13 Pro Max 5G,20499,83,TRUE,FALSE
realme,Realme Narzo 50 Pro 5G,20490,81,TRUE,FALSE
oppo,OPPO A74 5G,15490,77,TRUE,FALSE
apple,Apple iPhone 9,29990,61,FALSE,TRUE
iqoo,iQOO Z6 Lite (6GB RAM + 128GB),15499,79,TRUE,FALSE
xiaomi,Xiaomi Redmi Note 11SE,11999,80,FALSE,FALSE
realme,Realme Narzo 50,10999,74,FALSE,FALSE
vivo,Vivo Y75 5G,21990,82,TRUE,FALSE
vivo,Vivo V25 (12GB RAM + 256GB),31999,85,TRUE,FALSE
poco,POCO M4 Pro 4G,11999,77,FALSE,FALSE
infinix,Infinix Zero Ultra,36999,89,TRUE,FALSE
tecno,Tecno Spark Go 2023,6999,62,FALSE,FALSE
motorola,Motorola Moto X40,39999,89,TRUE,TRUE
samsung,Samsung Galaxy F24 5G,14999,78,TRUE,TRUE
realme,Realme 10 5G,14499,79,TRUE,FALSE
oneplus,OnePlus Nord 3 5G,27999,84,TRUE,TRUE
motorola,Motorola Moto G82 (8GB RAM + 128GB),20499,86,TRUE,TRUE
ikall,iKall Z19 Pro,8099,60,FALSE,FALSE
leeco,LeEco S1 Pro,10999,65,FALSE,FALSE
realme,Realme C2s,3499,63,FALSE,FALSE
duoqin,Duoqin F22 Pro,9990,,FALSE,FALSE
samsung,Samsung Galaxy M54 5G,34999,85,TRUE,FALSE
nokia,Nokia N73 5G,46999,,TRUE,FALSE
motorola,Motorola Edge 30 Fusion 5G,39999,88,TRUE,TRUE
realme,Realme C35,11828,70,FALSE,FALSE
oppo,OPPO Reno 8 Pro House of Dragon Edition,45999,86,TRUE,TRUE
oneplus,OnePlus Nord CE 3 Lite 5G,18999,81,TRUE,FALSE
poco,Poco X4 Pro 5G (8GB RAM + 128GB),17999,84,TRUE,FALSE
samsung,Samsung Galaxy M04,8499,66,FALSE,FALSE
oppo,OPPO A77s,17999,76,FALSE,FALSE
samsung,Samsung Galaxy A13,14450,75,FALSE,FALSE
motorola,Motorola Edge 30 Ultra,54999,,TRUE,TRUE
xiaomi,Xiaomi 13 Ultra 5G,71999,,TRUE,TRUE
motorola,Motorola Moto G52 (6GB RAM + 128GB),12999,79,FALSE,TRUE
poco,Poco M4 5G,11499,75,TRUE,FALSE
nothing,Nothing Phone 1 (12GB RAM + 256GB),35999,87,TRUE,TRUE
samsung,Samsung Galaxy A54 5G,34999,76,TRUE,TRUE
tecno,Tecno Pova 4,11999,73,FALSE,FALSE
xiaomi,Xiaomi Redmi Note 12 Pro (8GB RAM + 256GB),27994,82,TRUE,FALSE
apple,Apple iPhone 14 Pro Max (256GB),139990,77,TRUE,TRUE
vivo,Vivo V25 Pro (12GB RAM + 256GB),39999,86,TRUE,FALSE
realme,Realme 9 5G (6GB RAM + 128GB),15499,79,TRUE,FALSE
realme,Realme 9 Pro 5G,18999,80,TRUE,FALSE
lava,Lava Blaze 5G,10999,73,TRUE,FALSE
honor,Honor X9a,27999,81,TRUE,TRUE
google,Google Pixel 7 Pro 5G,81999,,TRUE,TRUE
tecno,Tecno Pova 3,9999,74,FALSE,FALSE
vivo,Vivo V23 Pro 5G,31994,85,TRUE,FALSE
samsung,Samsung Galaxy A04e,9299,65,FALSE,FALSE
xiaomi,Xiaomi Redmi K60,29990,84,TRUE,TRUE
realme,Realme 9 Pro Plus 5G,25900,78,TRUE,FALSE
realme,Realme 9i 5G (6GB RAM + 128GB),16999,78,TRUE,FALSE
motorola,Motorola Edge 30 5G (8GB RAM + 128GB),24999,85,TRUE,TRUE
xiaomi,Xiaomi Redmi Note 11 (6GB RAM + 64GB),12188,79,FALSE,FALSE
vivo,Vivo Y02,8999,,FALSE,FALSE
poco,POCO C31 (4GB RAM + 64GB),7499,68,FALSE,FALSE
realme,Realme Narzo 50 5G,17999,79,TRUE,FALSE
realme,Realme GT Neo 3T,24999,79,TRUE,FALSE
oppo,OPPO Reno 8 Pro 5G,45999,86,TRUE,TRUE
oneplus,OnePlus 10 Pro 5G (12GB RAM + 256GB),65499,,TRUE,TRUE
iqoo,iQOO 11 Pro 5G,58990,89,TRUE,TRUE
vivo,Vivo T1x 4G,11999,74,FALSE,FALSE
xiaomi,Xiaomi Redmi 10 Power,11999,77,FALSE,FALSE
oppo,OPPO A58,18990,76,TRUE,FALSE
vivo,Vivo T1 44W,14499,77,FALSE,FALSE
xiaomi,Xiaomi Mix Fold 2 5G,106990,,TRUE,TRUE
vivo,Vivo Y16 (3GB RAM + 64GB),10499,66,FALSE,FALSE
oppo,OPPO Reno 8 Z,26990,86,TRUE,TRUE
vivo,Vivo Y75 4G,19990,82,FALSE,FALSE
xiaomi,Xiaomi Redmi Note 12 Explorer,24999,89,TRUE,TRUE
oppo,OPPO A57 4G (4GB RAM + 64 GB),13969,69,FALSE,FALSE
samsung,Samsung Galaxy A75 5G,44999,83,TRUE,TRUE
vivo,Vivo T1 Pro 5G (8GB RAM + 128GB),24999,84,TRUE,FALSE
google,Google Pixel 7 5G,53100,86,TRUE,TRUE
xiaomi,Xiaomi Redmi Note 11T 5G (6GB RAM + 128GB),16999,81,TRUE,FALSE
oppo,OPPO F21s Pro 4G,21899,82,FALSE,FALSE
apple,Apple iPhone 14 (256GB),75999,82,TRUE,TRUE
motorola,Motorola Moto G73,25999,85,TRUE,TRUE
nubia,Nubia Red Magic 8 Pro 5G,46990,84,TRUE,TRUE
motorola,Motorola Moto G31,9999,75,FALSE,FALSE
tecno,Tecno Phantom X2 Pro,49999,89,TRUE,TRUE
infinix,Infinix Zero 20,17999,87,FALSE,TRUE
iqoo,iQOO Z6 5G (6GB RAM + 128GB),16940,80,TRUE,FALSE
xiaomi,Xiaomi Redmi Note 11 Pro 5G,17990,81,TRUE,FALSE
oppo,OPPO A1 Pro,20990,84,TRUE,TRUE
samsung,Samsung Galaxy S22 FE 5G,51999,79,TRUE,TRUE
samsung,Samsung Galaxy S22 Plus 5G,64449,87,TRUE,TRUE
vivo,Vivo U3x,8990,71,TRUE,FALSE
motorola,Motorola Moto G23,19999,77,FALSE,TRUE
poco,Poco M4 5G (6GB RAM + 128GB),13499,79,TRUE,FALSE
tecno,Tecno Pova 5G,15499,78,TRUE,FALSE
poco,POCO C31,6499,65,FALSE,FALSE
apple,Apple iPhone XR2,71999,60,FALSE,TRUE
samsung,Samsung Galaxy A53 (8GB RAM + 256GB),36499,89,TRUE,TRUE
infinix,Infinix Note 12 5G,15999,78,TRUE,FALSE
oppo,OPPO Reno7 Pro 5G,31994,87,TRUE,TRUE
oneplus,OnePlus Ace 2,34999,84,TRUE,TRUE
redmi,Redmi Note 11 Pro 2023,18999,81,FALSE,FALSE
nothing,Nothing Phone 2,39990,88,TRUE,TRUE
samsung,Samsung Galaxy A32 (8GB RAM + 128GB),16499,82,FALSE,FALSE
google,Google Pixel 6 Pro,54300,89,TRUE,TRUE
infinix,Infinix Note 12i (2022),9999,73,FALSE,FALSE
xiaomi,Xiaomi Redmi 11 Prime 5G (6GB RAM + 128GB),15990,77,TRUE,FALSE
xiaomi,Xiaomi Redmi Note 11 Pro Plus 5G (8GB RAM + 128GB),22700,86,TRUE,FALSE
xiaomi,Xiaomi 12 Pro 5G,50990,89,TRUE,TRUE
apple,Apple iPhone 13 Mini,64900,79,TRUE,TRUE
tecno,Tecno Pova 3 (6GB RAM + 128GB),13799,77,FALSE,FALSE
realme,Realme C31 (4GB RAM + 64GB),8999,65,FALSE,FALSE
asus,Asus ROG Phone 6 Pro 5G,89999,88,TRUE,TRUE
vivo,Vivo V23e 5G,21994,84,TRUE,FALSE
apple,Apple iPhone 14 Mini,69990,70,FALSE,TRUE
xiaomi,Xiaomi Redmi Note 10T 5G,12999,75,TRUE,FALSE
iqoo,iQOO Neo 7 SE 5G,24990,83,TRUE,TRUE
samsung,Samsung Galaxy A23 (8GB RAM + 128GB),19990,82,FALSE,FALSE
xiaomi,Xiaomi Redmi Note 12 Pro (8GB RAM + 128GB),26999,82,TRUE,FALSE
xiaomi,Xiaomi Redmi Note 12 Turbo,19999,81,TRUE,TRUE
infinix,Infinix Note 12 Pro,16900,83,FALSE,FALSE
infinix,Infinix Hot 20 (6GB RAM+ 128GB),19999,78,TRUE,FALSE
apple,Apple iPhone 14 Pro Max (1TB),182999,78,TRUE,TRUE
samsung,Samsung Galaxy M13,12999,75,FALSE,FALSE
poco,Poco M4 Pro 5G (8GB RAM + 128GB),15999,82,TRUE,FALSE
xiaomi,Xiaomi Redmi Note 10S (8GB RAM + 128GB),13999,82,FALSE,FALSE
realme,Realme C11 2021 (4GB RAM + 64GB),7749,61,FALSE,FALSE
samsung,Samsung Galaxy A23 5G (8GB RAM + 128GB),24999,81,TRUE,FALSE
motorola,Motorola Edge 30 Ultra (12GB RAM + 256GB),59999,,TRUE,TRUE
oppo,OPPO F21s Pro,25895,82,TRUE,FALSE
xiaomi,Xiaomi 13 5G,46990,89,TRUE,TRUE
xiaomi,Xiaomi Redmi 10A,7499,64,FALSE,FALSE
vivo,Vivo Y01A,7790,60,FALSE,FALSE
xiaomi,Xiaomi Redmi K50i (8GB RAM + 256GB),25999,85,TRUE,FALSE
realme,Realme C30 (3GB RAM + 32GB),6299,60,FALSE,FALSE
motorola,Motorola Moto G51 5G,12999,77,TRUE,TRUE
xiaomi,Xiaomi Redmi 10 (6GB RAM + 128GB),11999,75,FALSE,FALSE
xiaomi,Xiaomi Mi 11 Lite NE 5G,21890,83,TRUE,TRUE
samsung,Samsung Galaxy Z Flip 3,69999,84,TRUE,TRUE
apple,Apple iPhone 12 (128GB),55999,75,TRUE,TRUE
oneplus,OnePlus 10T (16GB RAM + 256GB),55999,87,TRUE,TRUE
samsung,Samsung Galaxy A13 (4GB RAM + 128GB),14999,75,FALSE,FALSE
oppo,OPPO Reno7 5G,25994,85,TRUE,TRUE
oneplus,OnePlus 9RT 5G,42999,85,TRUE,TRUE
samsung,Samsung Galaxy A53 5G (8GB RAM + 128GB),33499,89,TRUE,TRUE
samsung,Samsung Galaxy S22 Ultra 5G (12GB RAM + 512GB),118999,,TRUE,TRUE
motorola,Motorola Moto G71 5G,16999,80,TRUE,TRUE
itel,itel S16 Pro,6990,,FALSE,FALSE
vivo,Vivo Y100,29990,82,TRUE,FALSE
samsung,Samsung Galaxy M13 5G (4GB RAM + 64GB),12944,71,TRUE,FALSE
poco,POCO X5 GT,29990,84,TRUE,TRUE
honor,Honor X9 5G,16999,80,TRUE,TRUE
iqoo,iQOO 11 (16GB RAM + 256GB),64999,89,TRUE,TRUE
samsung,Samsung Galaxy Z Fold 4,154998,,TRUE,TRUE
royole,Royole FlexPai 2,109999,87,TRUE,FALSE
apple,Apple iPhone 14 Plus (256GB),84999,83,TRUE,TRUE
samsung,Samsung Galaxy A33 5G (8GB RAM + 128GB),27499,85,TRUE,TRUE
tecno,Tecno Spark 9,8999,69,FALSE,FALSE
google,Google Pixel 6,40480,84,TRUE,TRUE
xiaomi,Xiaomi Redmi Note 10 Pro (6GB RAM + 128GB),17999,81,FALSE,FALSE
samsung,Samsung Galaxy S21 Ultra,105999,,TRUE,TRUE
infinix,Infinix Hot 20 Play,8999,67,FALSE,FALSE
vivo,Vivo T1x (6GB RAM + 128GB),14999,77,FALSE,FALSE
oppo,OPPO F23 Pro,19990,82,TRUE,FALSE
iqoo,iQOO Z6 Pro 5G (8GB RAM + 128GB),23399,80,TRUE,FALSE
samsung,Samsung Galaxy A73 5G (8GB RAM + 256GB),41990,,TRUE,TRUE
realme,Realme 9 5G SE (8GB RAM + 128GB),22998,82,TRUE,FALSE
poco,Poco F4 5G,25999,82,TRUE,TRUE
infinix,Infinix Note 12,11700,74,FALSE,FALSE
samsung,Samsung Galaxy A03 Core,6499,,FALSE,FALSE
motorola,Motorola Moto G60,15999,84,FALSE,TRUE
oneplus,OnePlus 9 Pro,64800,89,TRUE,TRUE
xiaomi,Xiaomi Redmi Note 11S,14590,80,FALSE,FALSE
xiaomi,Xiaomi Redmi 9 Activ,7499,68,FALSE,FALSE
tecno,Tecno Camon 19 Pro 5G,21999,82,TRUE,TRUE
samsung,Samsung Galaxy A04,11999,71,FALSE,FALSE
poco,POCO M4 Pro 4G (6GB RAM + 128GB),12999,79,FALSE,FALSE
oneplus,OnePlus Nord N20 5G,20990,81,TRUE,TRUE
apple,Apple iPhone 13 (256GB),72999,79,TRUE,TRUE
oppo,Oppo Find X6 Pro,77990,,TRUE,TRUE
vivo,Vivo X90 Pro 5G,56999,,TRUE,TRUE
motorola,Motorola Moto G53,21999,79,TRUE,TRUE
motorola,Motorola Moto G22,9499,75,FALSE,FALSE
xiaomi,Xiaomi Redmi 9i Sport,7499,66,FALSE,FALSE
jio,Jio JioPhone Next,4649,,FALSE,FALSE
vivo,Vivo Y93,18000,62,FALSE,FALSE
xiaomi,Xiaomi Redmi K60 Pro,38999,85,TRUE,TRUE
realme,Realme C30s,7145,,FALSE,FALSE
vivo,Vivo Y22s,14990,77,FALSE,FALSE
oppo,OPPO A77,15499,70,FALSE,FALSE
xiaomi,Xiaomi Redmi 10A Sport,9999,69,FALSE,FALSE
poco,Poco F4 (12GB RAM + 256GB),29999,86,TRUE,TRUE
realme,Realme 9 4G (8GB RAM + 128GB),15999,84,FALSE,FALSE
xiaomi,Xiaomi 12T Pro 5G,59990,89,TRUE,TRUE
iqoo,iQOO 9 5G,34990,84,TRUE,FALSE
apple,Apple iPhone 12 Mini (128GB),45999,75,TRUE,TRUE
samsung,Samsung Galaxy S24 Ultra,119990,85,TRUE,FALSE
oppo,OPPO Find N Flip,89990,88,TRUE,TRUE
oneplus,OnePlus 10T (12GB RAM + 256GB),50999,87,TRUE,TRUE
tecno,Tecno Spark 9 (4GB RAM + 64GB),7999,65,FALSE,FALSE
samsung,Samsung Galaxy S21 FE 5G (8GB RAM + 256GB),43999,88,TRUE,TRUE
xiaomi,Xiaomi Redmi Note 11T 5G (8GB RAM + 128GB),18499,83,TRUE,FALSE
sony,Sony Xperia Pro-I,134999,,TRUE,TRUE
vivo,Vivo V21 Pro,32999,85,TRUE,FALSE
poco,Poco X3,13499,80,FALSE,FALSE
samsung,Samsung Galaxy S20 FE,35489,86,FALSE,TRUE
google,Google Pixel 4,20120,78,FALSE,TRUE
samsung,Samsung Galaxy S10 Plus,42999,81,FALSE,TRUE
realme,Realme 11 Pro Plus,24999,78,TRUE,FALSE
oppo,OPPO F21 Pro 4G,20999,82,FALSE,FALSE
realme,Realme GT 2 5G,28994,84,TRUE,TRUE
samsung,Samsung Galaxy S21,48900,88,TRUE,TRUE
samsung,Samsung Galaxy A71,22494,86,FALSE,FALSE
vivo,Vivo Y02s,8990,61,FALSE,FALSE
letv,Letv Y2 Pro,6999,,FALSE,FALSE
tecno,Tecno Spark 8C (4GB RAM + 64GB),8890,63,FALSE,FALSE
iqoo,iQOO Z6 5G (8GB RAM + 128GB),18498,82,TRUE,FALSE
vivo,Vivo T1 Pro,23999,81,TRUE,FALSE
realme,Realme 9 Pro Plus 5G (8GB RAM + 128GB),22994,81,TRUE,FALSE
samsung,Samsung Galaxy A04s,12990,71,FALSE,FALSE
realme,Realme 9i (6GB RAM + 128GB),14999,78,FALSE,FALSE
realme,Realme 8 5G (8GB RAM + 128GB),18499,80,TRUE,FALSE
oppo,OPPO F19,14990,78,FALSE,FALSE
oppo,OPPO Find N2 Flip,70990,88,TRUE,TRUE
samsung,Samsung Galaxy M32 Prime Edition,12120,75,FALSE,FALSE
oukitel,Oukitel WP19,29990,84,FALSE,TRUE
realme,Realme 9 Pro 5G (8GB RAM + 128GB),20999,82,TRUE,FALSE
xiaomi,Xiaomi Redmi Note 10 Lite (6GB RAM + 128GB),11999,80,FALSE,FALSE
samsung,Samsung Galaxy A13 5G,17990,73,TRUE,TRUE
xiaomi,Xiaomi Redmi Note 11 5G,14990,77,TRUE,FALSE
itel,itel P36,6490,,FALSE,FALSE
realme,Realme GT Neo 5,34999,83,TRUE,TRUE
apple,Apple iPhone 15 Ultra,149900,79,TRUE,TRUE
poco,Poco C50,6499,,FALSE,FALSE
samsung,Samsung Galaxy Note 30 Ultra 5G,104999,,TRUE,TRUE
realme,Realme 9i (4GB RAM + 128GB),13999,75,FALSE,FALSE
xiaomi,Xiaomi Redmi Note 11T 5G,16999,79,TRUE,FALSE
vivo,Vivo X80 Pro 5G,79999,,TRUE,TRUE
oppo,OPPO Reno 6 Pro 5G,36760,87,TRUE,TRUE
xiaomi,Xiaomi Mi 11i 5G,23499,81,TRUE,FALSE
asus,Asus ROG Phone 7,75990,87,TRUE,TRUE
oppo,Oppo A77 5G,21990,76,TRUE,FALSE
realme,Realme 9 5G SE,18999,80,TRUE,FALSE
samsung,Samsung Galaxy A03,7249,66,FALSE,FALSE
oneplus,OnePlus Nord N200,16990,75,TRUE,TRUE
xiaomi,Xiaomi Mi 11X,23890,80,TRUE,FALSE
oppo,OPPO Reno 6,26380,83,TRUE,TRUE
realme,Realme X50 Pro 5G (12GB RAM + 256GB),27999,87,TRUE,TRUE
xiaomi,Xiaomi Redmi 10A (6GB RAM + 128GB),10850,70,FALSE,FALSE
redmi,Redmi Note 12 Pro Speed Edition,19999,81,TRUE,TRUE
apple,Apple iPhone 14 Pro (256GB),129990,76,TRUE,TRUE
motorola,Motorola Moto G72,19990,81,TRUE,TRUE
motorola,Motorola Moto X30 Pro,41990,,TRUE,TRUE
xiaomi,Xiaomi 12S Ultra,69990,,TRUE,TRUE
honor,Honor 70 5G,39990,88,TRUE,TRUE
oneplus,OnePlus 10 Pro 5G (12GB RAM + 512GB),74999,,TRUE,TRUE
vivo,Vivo V23 Pro 5G (12GB RAM + 256GB),36994,87,TRUE,FALSE
oppo,OPPO A55 4G (6GB RAM + 128GB),14700,76,FALSE,FALSE
xiaomi,Xiaomi Mi 11T Pro 5G,34990,86,TRUE,TRUE
nokia,Nokia X50 5G,34999,76,TRUE,FALSE
xiaomi,Xiaomi Redmi Note 10,13990,75,FALSE,FALSE
vertu,Vertu Signature Touch,650000,62,FALSE,TRUE
samsung,Samsung Galaxy M32 Prime Edition (6GB RAM + 128GB),14859,79,FALSE,FALSE
tecno,Tecno Camon 19 Pro Mondrian Edition,17999,84,FALSE,TRUE
poco,Poco F5,34990,85,TRUE,TRUE
blu,BLU F91 5G,14990,85,TRUE,TRUE
oppo,OPPO A16e,8999,65,FALSE,FALSE
motorola,Motorola Moto E32,8999,71,FALSE,FALSE
xiaomi,Xiaomi Redmi Note 11S (8GB RAM + 128GB),15824,84,FALSE,FALSE
apple,Apple iPhone SE 3 2022,43900,,TRUE,TRUE
samsung,Samsung Galaxy A52 (8GB RAM + 128GB),22494,86,FALSE,FALSE
poco,Poco X3 Pro,19650,82,FALSE,FALSE
xiaomi,Xiaomi Redmi 9A,6999,61,FALSE,FALSE
samsung,Samsung Galaxy A32,16499,80,FALSE,FALSE
motorola,Motorola Moto G13,15999,75,FALSE,TRUE
asus,Asus ROG Phone 6 Batman Edition,72999,88,TRUE,TRUE
xiaomi,Xiaomi Redmi Note 12 Pro Plus (6GB RAM + 128GB),26999,84,TRUE,FALSE
infinix,Infinix Smart 6 HD,6999,,FALSE,FALSE
apple,Apple iPhone 15 Pro,130990,75,TRUE,TRUE
realme,Realme C35 (4GB RAM + 128GB),12787,71,FALSE,FALSE
infinix,Infinix Hot 12,9999,72,FALSE,FALSE
vivo,Vivo X80 5G,54999,86,TRUE,FALSE
vivo,Vivo Y53s,15490,79,FALSE,FALSE
tecno,Tecno Phantom X,25999,84,FALSE,FALSE
samsung,Samsung Galaxy M04 (4GB RAM + 128GB),9499,68,FALSE,FALSE
redmi,Redmi 12C,7999,70,FALSE,FALSE
asus,Asus ZenFone 9,63990,86,TRUE,TRUE
sony,Sony Xperia L5 5G,15990,73,FALSE,TRUE
iqoo,iQOO 9 SE 5G (12GB RAM + 256GB),34949,85,TRUE,TRUE
tecno,Tecno Spark 8 Pro,8799,72,FALSE,FALSE
xiaomi,Xiaomi Redmi 10 Prime,12390,74,FALSE,FALSE
samsung,Samsung Galaxy F22,11499,73,FALSE,FALSE
xiaomi,Xiaomi Mi Mix Alpha,199990,,TRUE,FALSE
oppo,OPPO Reno 10 Pro,42990,86,TRUE,TRUE
nubia,Nubia Z50,34999,82,TRUE,TRUE
samsung,Samsung Galaxy F13 (4GB RAM + 128GB),11999,75,FALSE,TRUE
nokia,Nokia G11 Plus,10499,70,FALSE,FALSE
infinix,Infinix Hot 12 Play,8910,66,FALSE,FALSE
vivo,Vivo T2 5G,24990,85,TRUE,FALSE
oppo,OPPO Reno7 Z 5G,17999,84,TRUE,TRUE
xiaomi,Xiaomi Mi 11 Lite NE 5G (8GB RAM + 128GB),22999,86,TRUE,TRUE
realme,Realme Narzo 50i,6490,,FALSE,FALSE
infinix,Infinix Zero X Pro,21990,85,TRUE,FALSE
samsung,Samsung Galaxy M32,12364,76,FALSE,FALSE
samsung,Samsung Galaxy A82 5G,39990,86,TRUE,TRUE
xiaomi,Xiaomi Poco F1,11999,77,FALSE,FALSE
vivo,Vivo Y25,7499,,FALSE,FALSE
lyf,Lyf Earth 1,3990,60,FALSE,FALSE
motorola,Motorola Moto E13,10499,65,FALSE,FALSE
tecno,Tecno Pop 6 Pro,6299,,FALSE,FALSE
itel,Itel A24 Pro,5990,,FALSE,FALSE
vivo,Vivo X Fold Plus,113990,,TRUE,TRUE
huawei,Huawei Mate 50 RS Porsche Design,239999,81,FALSE,TRUE
samsung,Samsung Galaxy F63,21999,84,TRUE,TRUE
iqoo,iQOO Z6 4G (6GB RAM + 128GB),15999,80,FALSE,FALSE
sony,Sony Xperia 5 II,69990,86,TRUE,TRUE
vivo,Vivo Y3 (4GB RAM + 128GB),12990,71,FALSE,FALSE
sony,Sony Xperia 1 IV (12GB RAM + 512GB),92980,,TRUE,TRUE
tecno,Tecno Pova 4 Pro,15999,74,FALSE,FALSE
huawei,Huawei Nova 10 SE,23999,84,FALSE,TRUE
vivo,Vivo T1x (4GB RAM + 128GB),12999,75,FALSE,FALSE
nubia,Nubia Red Magic 7S Pro,60990,86,TRUE,TRUE
motorola,Motorola Moto E32s (4GB RAM + 64GB),8859,67,FALSE,FALSE
iqoo,iQOO Neo 6 5G (12GB RAM + 256GB),33749,84,TRUE,FALSE
samsung,Samsung Galaxy A15,15990,63,FALSE,FALSE
poco,POCO X4 GT 5G,24990,84,TRUE,TRUE
realme,Realme Narzo 50 5G (4GB RAM + 128GB),14999,76,TRUE,FALSE
vivo,Vivo Y77 5G,17990,76,TRUE,FALSE
honor,Honor 60 SE 5G,24990,75,TRUE,FALSE
xiaomi,Xiaomi Redmi 11 Prime,11600,74,FALSE,FALSE
realme,Realme C31,8299,62,FALSE,FALSE
motorola,Motorola Moto G31 (6GB RAM+ 128GB),11999,78,FALSE,FALSE
samsung,Samsung Galaxy Z Flip 4 5G,89999,88,TRUE,TRUE
oneplus,OnePlus 6 (8GB RAM + 128GB),27999,77,FALSE,TRUE
google,Google Pixel 2 XL,15990,69,FALSE,TRUE
xiaomi,Xiaomi Redmi A1 Plus,7289,60,FALSE,FALSE
honor,Honor 70 5G (8GB RAM + 256GB),30990,86,TRUE,TRUE
realme,Realme Narzo 50 (6GB RAM + 128GB),15499,77,FALSE,FALSE
vivo,Vivo Y15s,8499,66,FALSE,FALSE
samsung,Samsung Galaxy M32 (6GB RAM + 128GB),14490,80,FALSE,FALSE
samsung,Samsung Galaxy F42 5G,15490,80,TRUE,FALSE
realme,Realme Q5 5G,14990,78,TRUE,FALSE
poco,POCO M3 Pro 5G,15999,75,TRUE,FALSE
google,Google Pixel 5,36000,82,TRUE,TRUE
oneplus,OnePlus 12 Pro,69999,,TRUE,TRUE
xiaomi,Xiaomi Redmi Note 12 Discovery Edition,26990,86,TRUE,TRUE
samsung,Samsung Galaxy M13 (4GB RAM + 64GB),10630,71,FALSE,FALSE
oppo,Oppo Reno 8 Pro (8GB RAM + 256GB),42990,85,TRUE,TRUE
vivo,Vivo Y78 5G,24990,77,TRUE,FALSE
iqoo,iQOO Z6 4G,14489,77,FALSE,FALSE
oppo,OPPO A76,16490,73,FALSE,FALSE
realme,Realme 9 Pro Plus 5G (8GB RAM + 256GB),24494,82,TRUE,FALSE
vivo,Vivo Y01,7999,61,FALSE,FALSE
motorola,Motorola Moto Edge S30 5G,23990,85,TRUE,FALSE
realme,Realme GT 2 Pro 5G,49959,89,TRUE,TRUE
apple,Apple iPhone 13 Pro (256GB),129900,83,TRUE,TRUE
vivo,Vivo Y73 2021,19990,80,FALSE,FALSE
samsung,Samsung Galaxy F14,14990,67,FALSE,TRUE
vivo,Vivo V20,23269,85,FALSE,FALSE
xiaomi,Xiaomi Redmi Note 9 Pro,13999,75,FALSE,FALSE
oneplus,OnePlus 10R Prime Edition,35389,85,TRUE,TRUE
google,Google Pixel 6 Pro (12GB RAM + 256GB),79700,,TRUE,TRUE
nokia,Nokia C31,9499,62,FALSE,FALSE
infinix,Infinix Hot 12 Pro (8GB RAM+ 128GB),12340,76,FALSE,FALSE
poco,Poco M5,10799,74,FALSE,FALSE
xiaomi,Xiaomi Redmi 10C (4GB RAM + 128GB),14990,73,FALSE,FALSE
zte,ZTE Axon 40 Ultra 5G,61990,89,TRUE,TRUE
xiaomi,Xiaomi 12 Pro 5G (12GB RAM + 256GB),51880,,TRUE,TRUE
oppo,OPPO K10 (8GB RAM + 128GB),16990,80,FALSE,FALSE
huawei,Huawei Nova 9 SE,19990,84,FALSE,TRUE
samsung,Samsung Galaxy S22 5G (8GB RAM + 256GB),57999,87,TRUE,TRUE
lenovo,Lenovo Legion Y90,46990,87,TRUE,TRUE
vivo,Vivo Y55 5G,20990,77,TRUE,TRUE
nokia,Nokia X100 5G,17990,82,TRUE,TRUE
realme,Realme 8s 5G (8GB RAM + 128GB),17499,82,TRUE,FALSE
realme,Realme 8s 5G,17999,80,TRUE,FALSE
nokia,Nokia X60 Pro 5G,49990,,TRUE,FALSE
poco,Poco X5,14999,74,TRUE,FALSE
xiaomi,Xiaomi Redmi Note 10 Pro Max (6GB RAM + 128GB),19980,82,FALSE,FALSE
iqoo,iQOO 7 (12GB RAM + 256GB),35990,85,TRUE,TRUE
realme,Realme 8,15999,78,FALSE,FALSE
samsung,Samsung Galaxy S20,41999,88,FALSE,TRUE
xiaomi,Xiaomi Redmi K60E,25999,83,TRUE,TRUE
motorola,Motorola Moto E32s,7990,65,FALSE,FALSE
oneplus,OnePlus Nord 3T 5G,29990,84,TRUE,TRUE
oppo,OPPO F23 Pro Plus 5G,27990,83,TRUE,FALSE
poco,Poco F5 Pro,29999,84,TRUE,TRUE
oppo,OPPO A16e (4GB RAM + 64GB),8999,68,FALSE,FALSE
poco,POCO M4 Pro 4G (8GB RAM + 128GB),13999,81,FALSE,FALSE
realme,Realme Narzo 50A,11499,71,FALSE,FALSE
asus,Asus ROG Phone 5s 5G,39999,87,TRUE,TRUE
realme,Realme GT Master Edition 5G,27999,84,TRUE,TRUE
samsung,Samsung Galaxy A32 5G,24499,79,TRUE,TRUE
nubia,Nubia Red Magic 8 Pro Plus,60999,86,TRUE,TRUE
samsung,Samsung Galaxy Z Fold 3,110999,89,TRUE,TRUE
lg,LG Wing 5G,54999,89,TRUE,TRUE
xiaomi,Xiaomi Redmi Note 9 Pro Max,16490,80,FALSE,FALSE
samsung,Samsung Galaxy A52,24990,83,FALSE,FALSE
vivo,Vivo Y71,25000,,FALSE,FALSE
samsung,Samsung Galaxy A04e (3GB RAM + 64GB),9950,66,FALSE,FALSE
oppo,Oppo A56s,12999,75,TRUE,FALSE
oppo,Oppo Reno 8T 4G,19999,83,FALSE,TRUE
oppo,OPPO Reno 10,32999,84,TRUE,TRUE
nokia,Nokia G60,28498,81,TRUE,TRUE
oppo,OPPO A77 (4GB RAM + 128 GB),15998,71,FALSE,FALSE
motorola,Motorola Edge 40 Pro 5G,59990,89,TRUE,TRUE
oppo,Oppo K10x 5G,16990,78,TRUE,FALSE
iqoo,iQOO Z6 Pro 5G (12GB RAM + 256GB),27999,82,TRUE,FALSE
nokia,Nokia G21 (6GB RAM + 128GB),13499,75,FALSE,FALSE
samsung,Samsung Galaxy A13 (6GB RAM + 128GB),16499,78,FALSE,FALSE
oppo,OPPO A16K (4GB RAM + 64GB),10999,66,FALSE,FALSE
xiaomi,Xiaomi Redmi 10C,13990,71,FALSE,FALSE
tecno,Tecno Spark 9 Pro,9999,74,FALSE,FALSE
realme,Realme GT Neo 3 5G,31994,83,TRUE,TRUE
xiaomi,Xiaomi 11i HyperCharge 5G,24820,83,TRUE,FALSE
iqoo,iQOO Neo 6 SE 5G,22990,83,TRUE,FALSE
iqoo,iQOO 9 Pro 5G,59990,88,TRUE,TRUE
realme,Realme Narzo 50i (4GB RAM + 64GB),8999,62,FALSE,FALSE
xiaomi,Xiaomi Redmi 9 Activ (6GB RAM + 128GB),10499,72,FALSE,FALSE
jio,Jio JioPhone Next (3GB RAM + 32GB),7499,,FALSE,FALSE
xiaomi,Xiaomi Redmi Note 8 2021,9990,75,FALSE,FALSE
xiaomi,Xiaomi Redmi Note 10 5G,12490,76,TRUE,FALSE
vivo,Vivo Y20G,13990,69,FALSE,FALSE
samsung,Samsung Galaxy A22 5G,17990,79,TRUE,FALSE
vivo,Vivo V21,24999,83,FALSE,FALSE
realme,Realme 7 Pro (8GB RAM + 128GB),21999,85,FALSE,FALSE
oneplus,OnePlus Nord Lite,19999,77,FALSE,FALSE
samsung,Samsung Galaxy S20 Ultra 5G,99999,,TRUE,TRUE
apple,Apple iPhone 11 Pro Max,109900,77,FALSE,TRUE
apple,Apple iPhone 7s,52990,,FALSE,FALSE
sony,Sony Xperia Ace IV,19990,80,FALSE,TRUE
samsung,Samsung Galaxy A04e (4GB RAM + 128GB),11499,69,FALSE,FALSE
xiaomi,Xiaomi Redmi Note 12 4G,13999,75,FALSE,FALSE
oukitel,Oukitel WP21,22990,82,FALSE,FALSE
vivo,Vivo V28,28990,84,TRUE,FALSE
poco,Poco F4 5G (8GB RAM + 128GB),27999,85,TRUE,TRUE
xiaomi,Xiaomi Redmi Note 11T Pro 5G,19990,82,TRUE,TRUE
realme,Realme Narzo 50 Pro 5G (8GB RAM + 128GB),22999,83,TRUE,FALSE
vivo,Vivo T1 44W (8GB RAM + 128GB),17999,82,FALSE,FALSE
xiaomi,Xiaomi Redmi Note 11S (6GB RAM + 128GB),15499,81,FALSE,FALSE
lava,Lava Agni 5G,17990,84,TRUE,FALSE
realme,Realme 8i (6GB RAM + 128GB),13999,77,FALSE,FALSE
oppo,OPPO A55 4G,13499,73,FALSE,FALSE
poco,POCO M3 Pro 5G (6GB RAM + 128GB),14799,79,TRUE,FALSE
realme,Realme C21Y,6999,62,FALSE,FALSE
oppo,OPPO A16,11999,69,FALSE,FALSE
vivo,Vivo V21 5G,23994,85,TRUE,FALSE
apple,Apple iPhone 12 Pro (512GB),139900,80,TRUE,TRUE
sony,Sony Xperia 1 II,69999,89,TRUE,TRUE
motorola,Motorola Edge Plus,57999,89,TRUE,TRUE
samsung,Samsung Galaxy Note 20,86000,87,FALSE,TRUE
samsung,Samsung Galaxy A12,11999,71,FALSE,FALSE
xiaomi,Xiaomi Redmi Note 12 Pro 4G,14999,77,FALSE,TRUE
realme,Realme GT Neo 3T (8GB RAM + 128GB),26499,81,TRUE,FALSE
realme,Realme C30s (4GB RAM + 64GB),8990,62,FALSE,FALSE
apple,Apple iPhone 14 (512GB),95999,82,TRUE,TRUE
iqoo,iQOO 9T 5G,47990,85,TRUE,TRUE
tecno,Tecno Camon 19 Pro,17990,81,FALSE,FALSE
oneplus,OnePlus Nord 2 Lite 5G,22999,83,TRUE,TRUE
samsung,Samsung Galaxy S22 Ultra 5G (8GB RAM + 128GB),99990,,TRUE,TRUE
poco,POCO F4 GT 5G,39999,86,TRUE,TRUE
xiaomi,Xiaomi 11T Pro 5G (12GB RAM + 256GB),38999,88,TRUE,TRUE
vivo,Vivo Y10,12490,63,FALSE,FALSE
samsung,Samsung Galaxy A83 5G,39990,86,TRUE,TRUE
vivo,Vivo Y33s,16685,80,FALSE,FALSE
huawei,Huawei Mate 40 Pro 4G,69990,,FALSE,TRUE
micromax,Micromax IN 2B,6999,66,FALSE,FALSE
asus,Asus ROG Phone 6,71999,86,TRUE,TRUE
realme,Realme X7 Max,26999,84,TRUE,TRUE
realme,Realme 8 5G,16499,75,TRUE,FALSE
oppo,OPPO A55 5G,17990,74,TRUE,FALSE
xiaomi,Xiaomi Redmi 9,8999,68,FALSE,FALSE
apple,Apple iPhone SE 2020,39900,63,FALSE,TRUE
letv,Letv Y1 Pro Plus,5999,60,FALSE,FALSE
oneplus,OnePlus Nord 5,34999,76,TRUE,TRUE
vivo,Vivo Y73T,16990,77,TRUE,FALSE
oppo,OPPO Reno 9 Z,22990,84,TRUE,TRUE
vivo,Vivo V25e,19990,84,FALSE,FALSE
infinix,Infinix Hot 12 Pro,10850,74,FALSE,FALSE
realme,Realme Narzo 50 5G (4GB RAM + 64GB),13499,75,TRUE,FALSE
itel,itel Vision 3,6699,61,FALSE,FALSE
oppo,OPPO A96 4G,17999,80,FALSE,FALSE
xiaomi,Xiaomi Redmi Note 11E 5G,13990,69,TRUE,FALSE
honor,Honor Magic 4 Pro Plus 5G,94990,,TRUE,TRUE
tecno,Tecno Spark 9T,8968,72,FALSE,FALSE
infinix,Infinix Smart 6,7320,60,FALSE,FALSE
realme,Realme C25Y (4GB RAM + 64GB),8999,69,FALSE,FALSE
samsung,Samsung Galaxy A12 (6GB RAM + 128GB),13999,75,FALSE,FALSE
tecno,Tecno Camon 19,14746,79,FALSE,TRUE
xiaomi,Xiaomi Redmi Note 10 Pro 5G,16999,83,TRUE,TRUE
xiaomi,Xiaomi Mi 11X 5G (8GB RAM + 128GB),25990,83,TRUE,FALSE
xiaomi,Xiaomi Redmi Note 10 (6GB RAM + 128GB),16499,78,FALSE,FALSE
xiaomi,Xiaomi Redmi Note 10 Pro Max,19999,81,FALSE,FALSE
xiaomi,Xiaomi Mi 10T 5G,23500,80,TRUE,TRUE
lg,LG Velvet 5G,54999,85,TRUE,TRUE
motorola,Motorola One Fusion Plus,19499,80,FALSE,FALSE
lg,LG V60 ThinQ,79990,,TRUE,TRUE
samsung,Samsung Galaxy Note 10 Lite,39999,83,FALSE,TRUE
samsung,Samsung Galaxy Note 10 Plus 5G,92999,89,TRUE,TRUE
iqoo,iQOO Neo 7 Racing Edition,32990,84,TRUE,TRUE
samsung,Samsung Galaxy A04s (4GB RAM + 128GB),14499,72,FALSE,FALSE
vivo,Vivo Y35 5G,13999,70,TRUE,FALSE
vivo,Vivo Y02 (2GB RAM + 32GB),7999,,FALSE,FALSE
itel,itel Vision 3 (2GB RAM + 32GB),5785,,FALSE,FALSE
xiaomi,Xiaomi Redmi Note 11R,12990,73,TRUE,FALSE
poco,Poco M6 Pro,19990,84,TRUE,FALSE
oppo,OPPO A97 5G,23990,79,TRUE,FALSE
samsung,Samsung Galaxy A24,17999,77,FALSE,FALSE
infinix,Infinix Note 13 Pro,16999,80,FALSE,FALSE
honor,Honor Play 30,9999,68,TRUE,FALSE
infinix,Infinix Smart 6 Plus,8299,63,FALSE,FALSE
sony,Sony Xperia 5 IV 5G,82199,89,TRUE,TRUE
nubia,Nubia Z40 Pro 5G,49990,84,TRUE,TRUE
nokia,Nokia G21,11999,71,FALSE,FALSE
xiaomi,Xiaomi 12 Lite 5G,29990,82,TRUE,TRUE
oppo,Oppo Find N 5G,92249,,TRUE,TRUE
apple,Apple iPhone 13 Pro Max (256GB),139900,84,TRUE,TRUE
vivo,Vivo Y21s,14990,74,FALSE,FALSE
oppo,OPPO F19s,15988,79,FALSE,FALSE
samsung,Samsung Galaxy M21 2021,11725,76,FALSE,FALSE
oppo,OPPO F19 Pro,17994,80,FALSE,FALSE
oppo,OPPO X 2021,134999,86,FALSE,FALSE
oneplus,OnePlus Nord N10,25595,81,TRUE,TRUE
gionee,Gionee M12 Pro,7499,67,FALSE,FALSE
poco,Poco M2,10890,74,FALSE,FALSE
oppo,OPPO F17 Pro,18990,83,FALSE,FALSE
motorola,Motorola Moto G 5G,19990,82,TRUE,TRUE
samsung,Samsung Galaxy A50s,15990,80,FALSE,TRUE
samsung,Samsung Galaxy Note 10 Plus,58999,89,FALSE,TRUE
vivo,Vivo Y15,12500,71,FALSE,FALSE
vivo,Vivo S1 Pro,29999,82,FALSE,FALSE
vivo,Vivo T3 Pro,31990,86,TRUE,FALSE
vivo,Vivo V21s,29999,86,TRUE,TRUE
asus,Asus ROG Phone 6D Ultimate,107990,,TRUE,TRUE
motorola,Motorola Moto Edge 30 Neo,31990,84,TRUE,TRUE
xiaomi,Xiaomi 12T,48990,87,TRUE,TRUE
huawei,Huawei Mate 50 Pro 5G,99990,85,TRUE,TRUE
realme,Realme C32,9499,65,FALSE,FALSE
huawei,Huawei Mate Xs 2,162990,89,FALSE,TRUE
iqoo,iQOO Z7 Pro 5G,24999,80,TRUE,FALSE
apple,Apple iPhone 15,82990,72,FALSE,TRUE
infinix,Infinix Note 11S (8GB RAM + 128GB),15999,79,FALSE,FALSE
tecno,Tecno Spark 8 (4GB RAM + 64GB),8999,64,FALSE,FALSE
oppo,Oppo A56 5G,17990,73,TRUE,FALSE
vivo,Vivo X80 Pro Plus 5G,82990,,TRUE,TRUE
xiaomi,Xiaomi Redmi 10 Prime (6GB RAM + 128GB),12999,77,FALSE,FALSE
huawei,Huawei Nova 9,29990,83,FALSE,TRUE
tecno,Tecno Pop 5 Go,6999,,FALSE,FALSE
huawei,Huawei P50 Pro 4G,60999,,FALSE,TRUE
xiaomi,Xiaomi Redmi K50 5G,27990,83,TRUE,TRUE
nokia,Nokia C01 Plus,5249,,FALSE,FALSE
realme,Realme Q3,14999,80,TRUE,FALSE
oppo,OPPO Reno 6 Pro Plus 5G,44990,87,TRUE,TRUE
motorola,Motorola Edge S,22490,87,TRUE,TRUE
oppo,Oppo Find X3 Pro,50990,,TRUE,TRUE
poco,Poco M3,11499,75,FALSE,FALSE
itel,itel S16,5990,,FALSE,FALSE
vivo,Vivo V20 Pro,27000,84,TRUE,FALSE
xiaomi,Xiaomi Mi 10T Pro 5G,29999,86,TRUE,TRUE
vivo,Vivo V19 (8GB RAM + 256GB),27990,84,FALSE,FALSE
samsung,Samsung Galaxy S20 5G,74999,89,TRUE,TRUE
vivo,Vivo U3,9990,72,FALSE,FALSE
oppo,Oppo K5 (8GB RAM + 128GB),19990,82,FALSE,FALSE
realme,Realme XT,13279,75,FALSE,FALSE
vivo,Vivo Y12 (3GB RAM + 64GB),11000,68,FALSE,FALSE
xiaomi,Xiaomi Poco F1 (6GB RAM + 128GB),12999,78,FALSE,FALSE
poco,Poco C50 (3GB RAM + 32GB),7299,61,FALSE,FALSE
ikall,iKall Z19,7999,61,FALSE,FALSE
xiaomi,Xiaomi Redmi K60 Gaming Edition,54990,86,TRUE,TRUE
vivo,Vivo S17 Pro,49990,77,TRUE,TRUE
honor,Honor 80 Pro Plus,54990,,TRUE,TRUE
apple,Apple iPhone SE 4,49990,60,TRUE,TRUE
tecno,Tecno Pova Neo 5G,15499,71,FALSE,FALSE
apple,Apple iPhone 14 Pro Max (512GB),169900,78,TRUE,TRUE
google,Google Pixel 8,53990,75,TRUE,TRUE
vivo,Vivo T2x 5G,18990,80,TRUE,FALSE
motorola,Motorola Moto G52 5G,16999,76,TRUE,TRUE
motorola,Motorola Edge 40 5G,34999,86,TRUE,TRUE
vivo,Vivo X Note 5G (12GB RAM + 512GB),82990,,TRUE,TRUE
realme,Realme GT 2 Pro 5G (12GB RAM + 256GB),46999,89,TRUE,TRUE
vivo,Vivo Y15C,8499,66,FALSE,FALSE
honor,Honor X8,16999,76,FALSE,FALSE
samsung,Samsung Galaxy A03 (4GB RAM + 64GB),11499,69,FALSE,FALSE
samsung,Samsung Galaxy S22 Plus 5G (8GB RAM + 256GB),88999,88,TRUE,TRUE
vivo,Vivo Y33T,15990,81,FALSE,FALSE
xiaomi,Xiaomi 11i 5G (8GB RAM + 128GB),24990,83,TRUE,FALSE
oppo,Oppo Find X5 Pro 5G,79990,,TRUE,TRUE
tecno,Tecno Spark Go 2022,6249,61,FALSE,FALSE
vivo,Vivo Y21e,12499,69,FALSE,FALSE
xiaomi,Xiaomi Redmi 9A Sport,6499,61,FALSE,FALSE
apple,Apple iPhone 13 Pro Max (1TB),179900,86,TRUE,TRUE
vivo,Vivo Y12G (3GB RAM + 64GB),11990,68,FALSE,FALSE
vivo,Vivo V23e,26990,82,FALSE,FALSE
samsung,Samsung Galaxy F22 (6GB RAM + 128GB),13499,76,FALSE,FALSE
xiaomi,Xiaomi 12 Ultra 5G,75999,,TRUE,TRUE
micromax,Micromax IN 2C,5999,60,FALSE,FALSE
samsung,Samsung Galaxy A03s,8499,67,FALSE,FALSE
oppo,OPPO A54 (4GB RAM + 128GB),11990,71,FALSE,FALSE
xiaomi,Xiaomi Redmi 20X,10990,77,TRUE,FALSE
xiaomi,Xiaomi Mi Mix Fold,109990,,TRUE,TRUE
realme,Realme Narzo 30 5G,16999,80,TRUE,TRUE
oppo,OPPO A54,12199,70,FALSE,FALSE
oppo,Oppo A15s (4GB RAM + 128GB),11490,72,FALSE,FALSE
itel,itel A56,5490,,FALSE,FALSE
xiaomi,Xiaomi Redmi 9 Power,11499,74,FALSE,FALSE
samsung,Samsung Galaxy S21 Plus,59450,88,TRUE,TRUE
poco,POCO M2 Pro,12799,76,FALSE,FALSE
samsung,Samsung Galaxy S20 Plus,83000,88,FALSE,TRUE
realme,Realme 6 Pro,14490,80,FALSE,FALSE
huawei,Huawei P40 Pro,82990,,TRUE,TRUE
vivo,Vivo Y11 (2019),9490,64,FALSE,FALSE
vivo,Vivo V15 Pro (8GB RAM +128GB),25000,78,FALSE,FALSE
vivo,Vivo Y95,15000,65,FALSE,FALSE
vivo,Vivo V11i,20990,70,FALSE,FALSE
samsung,Samsung Galaxy S9 Plus (128GB),34999,78,FALSE,TRUE
realme,Realme GT Neo 4T,29999,80,TRUE,FALSE
vivo,Vivo Y53t,11999,67,TRUE,FALSE
samsung,Samsung Galaxy A04 (4GB RAM + 128GB),12999,72,FALSE,FALSE
leitz,Leitz Phone 2,124990,89,TRUE,TRUE
xiaomi,Xiaomi Redmi K60i,28999,85,TRUE,FALSE
infinix,Infinix Hot 20S,12999,77,FALSE,FALSE
realme,Realme GT Neo 3T (8GB RAM + 256GB),28499,82,TRUE,FALSE
apple,Apple iPhone 14 Plus (512GB),104999,83,TRUE,TRUE
apple,Apple iPhone 14 Pro (1TB),172999,77,TRUE,TRUE
xiaomi,Xiaomi Redmi 13 Prime 5G,17990,79,TRUE,FALSE
xiaomi,Xiaomi Redmi 11 Prime (6GB RAM + 128GB),13774,76,FALSE,FALSE
nokia,Nokia C21 Plus (4GB RAM + 64GB),8999,64,FALSE,FALSE
oneplus,OnePlus Nord N300,18990,75,TRUE,TRUE
tecno,Tecno Camon 19 Neo,14999,77,FALSE,TRUE
realme,Realme Narzo 50i Prime,7999,61,FALSE,FALSE
xiaomi,Xiaomi Redmi K50 Ultra 5G,39999,85,TRUE,TRUE
oppo,OPPO A57 4G,11990,67,FALSE,FALSE
infinix,Infinix Note 12 (6GB RAM + 128GB),12999,77,FALSE,FALSE
samsung,Samsung Galaxy S23 FE 5G,54999,77,TRUE,TRUE
samsung,Samsung Galaxy M51s 5G,24990,72,TRUE,FALSE
vivo,Vivo X80 5G (12GB RAM + 256GB),59999,88,TRUE,FALSE
poco,Poco X6 Pro 5G,19999,72,TRUE,FALSE
infinix,Infinix Note 12 (G96),16999,79,FALSE,FALSE
samsung,Samsung Galaxy M14,14999,60,FALSE,FALSE
vivo,Vivo T2 Pro 5G,29990,76,TRUE,FALSE
xiaomi,Xiaomi Redmi 10 Prime Plus 5G,13990,69,TRUE,FALSE
xiaomi,Xiaomi Redmi Note 11 Pro 4G,17999,81,FALSE,FALSE
realme,Realme Narzo 50A Prime,11399,73,FALSE,FALSE
vivo,Vivo Y55s 5G,19990,79,TRUE,FALSE
vivo,Vivo Y21T,15499,74,FALSE,FALSE
gionee,Gionee K10,6999,,FALSE,FALSE
xiaomi,Xiaomi Redmi Note 10 Lite (4GB RAM + 128GB),12499,77,FALSE,FALSE
apple,Apple iPhone 13 (512GB),91999,80,TRUE,TRUE
infinix,Infinix Hot 11S,9690,71,FALSE,FALSE
realme,Realme GT Explorer Master Edition,32990,85,TRUE,TRUE
xiaomi,Xiaomi Mi 12 5G,42990,87,TRUE,TRUE
cat,CAT S22 Flip,14999,,FALSE,FALSE
xiaomi,Xiaomi Mi 11 Lite (8GB RAM + 128GB),18699,82,FALSE,FALSE
realme,Realme Q3i 5G,10990,76,TRUE,FALSE
xiaomi,Xiaomi Mi 11X Pro,30990,85,TRUE,FALSE
lenovo,Lenovo Legion Pro 2,59999,89,TRUE,TRUE
samsung,Samsung Galaxy M62,23999,83,FALSE,TRUE
realme,Realme Q2i,9999,69,TRUE,FALSE
apple,Apple iPhone 12 Pro (256GB),119900,80,TRUE,TRUE
xiaomi,Xiaomi Redmi 9i (4GB RAM + 128GB),9299,67,FALSE,FALSE
realme,Realme 6 (6GB RAM + 64GB),12989,77,FALSE,FALSE
samsung,Samsung Galaxy A01 Core,4999,,FALSE,FALSE
oppo,Oppo Reno 5,29990,83,TRUE,FALSE
oppo,Oppo A31 2020 (6GB RAM + 128GB),12490,72,FALSE,FALSE
sony,Sony Xperia 10 II,27999,75,FALSE,TRUE
vivo,Vivo Y91c,8199,,FALSE,FALSE
huawei,Huawei Nova 7i,21990,81,FALSE,FALSE
vivo,Vivo Y19,20000,73,FALSE,FALSE
vivo,Vivo U3 (6GB RAM + 64GB),11990,74,FALSE,FALSE
xiaomi,Xiaomi Redmi Note 9,11989,75,FALSE,FALSE
xiaomi,Xiaomi Redmi 8 (4GB RAM + 64GB),11490,66,FALSE,FALSE
motorola,Motorola One Macro,11490,68,FALSE,FALSE
google,Google Pixel 3a XL,15999,67,FALSE,TRUE
samsung,Samsung Galaxy A40,17990,69,FALSE,FALSE
samsung,Samsung Galaxy S10 5G,78990,86,TRUE,TRUE
huawei,Huawei Honor 9N,10949,66,FALSE,FALSE
xiaomi,Xiaomi Redmi Note 4,10300,65,FALSE,FALSE
doogee,Doogee V Max,45999,88,TRUE,FALSE
huawei,Huawei Nova Y61,21990,63,FALSE,FALSE
iqoo,iQOO Z9,19990,76,TRUE,FALSE
vivo,Vivo V29,32990,84,TRUE,FALSE
poco,Poco M5 (6GB RAM + 128GB),14499,77,FALSE,FALSE
nokia,Nokia X30,41990,85,TRUE,TRUE
tecno,Tecno Pova Neo 2,13990,67,FALSE,FALSE
vivo,Vivo Y15C (3GB RAM + 64GB),10490,67,FALSE,FALSE
huawei,Huawei Nova 10,29990,82,FALSE,FALSE
huawei,Huawei Nova Y90,22990,82,FALSE,TRUE
samsung,Samsung Galaxy A92 5G,47990,80,TRUE,FALSE
infinix,Infinix Note 12 VIP,19999,84,FALSE,FALSE
oneplus,OnePlus Nord 4 5G,29999,83,TRUE,TRUE
realme,Realme Narzo 50A Prime (4GB RAM + 128GB),11879,74,FALSE,FALSE
oneplus,OnePlus Ace 5G,28990,84,TRUE,TRUE
iqoo,iQOO 9 5G (12GB RAM + 256GB),39990,85,TRUE,FALSE
xiaomi,Xiaomi Redmi Note 12T 5G,15999,78,TRUE,FALSE
oppo,Oppo A96 5G,22990,82,TRUE,FALSE
royole,Royole FlexPai 3 5G,149999,87,TRUE,FALSE
tecno,Tecno Camon 18,11499,75,FALSE,TRUE
tecno,Tecno Phantom X Pro,22999,84,FALSE,FALSE
tecno,Tecno Spark 8T,7999,70,FALSE,FALSE
realme,Realme GT Neo2 5G,31999,82,TRUE,TRUE
sony,Sony Xperia 10 III Lite 5G,30990,78,TRUE,TRUE
realme,Realme G1,7999,64,FALSE,FALSE
tecno,Tecno Pova 2,10999,74,FALSE,FALSE
poco,Poco X4,14990,79,TRUE,FALSE
motorola,Motorola Moto G40 Fusion,14499,77,FALSE,FALSE
oneplus,OnePlus 9T,44999,86,TRUE,TRUE
realme,Realme 8 (8GB RAM + 128GB),17999,83,FALSE,FALSE
realme,Realme Narzo 30 Pro 5G (8GB RAM +128GB),19999,83,TRUE,FALSE
itel,Itel A23 Pro,3999,,FALSE,FALSE
samsung,Samsung Galaxy S21 Ultra 5G (12GB RAM + 128GB),101999,,TRUE,TRUE
oppo,Oppo Reno 5 Pro 5G,38700,84,TRUE,FALSE
oneplus,OnePlus Nord SE,19999,73,FALSE,FALSE
samsung,Samsung Galaxy M12,10999,72,FALSE,FALSE
oneplus,OnePlus Nord N100,16990,68,FALSE,FALSE
apple,Apple iPhone 12 Mini (256GB),55999,75,TRUE,TRUE
apple,Apple iPhone 12 (256GB),67999,76,TRUE,TRUE
oppo,OPPO A15,9999,66,FALSE,FALSE
xiaomi,Xiaomi Redmi Note 9 Pro (4GB RAM + 128GB),14439,77,FALSE,FALSE
oppo,Oppo A12,9990,64,FALSE,FALSE
realme,Realme X50 Pro 5G (8GB RAM + 128GB),24999,85,TRUE,TRUE
samsung,Samsung Galaxy S20 Plus 5G,85990,,TRUE,TRUE
xiaomi,Xiaomi Redmi K20 Pro Signature Edition,480000,88,FALSE,TRUE
xiaomi,Xiaomi Redmi Note 8 Pro,16999,78,FALSE,FALSE
realme,Realme A1,8999,,FALSE,FALSE
oppo,OPPO A73,15990,62,FALSE,FALSE
lyf,Lyf Earth 2,3890,,FALSE,FALSE
apple,Apple iPhone 15 Plus,84990,75,TRUE,TRUE
vivo,Vivo Y55s 2023,21999,78,TRUE,TRUE
lava,Lava Blaze NXT,8999,66,FALSE,FALSE
tecno,Tecno Camon 20 Premier,20999,79,TRUE,TRUE
oppo,OPPO Reno 8 House of Dragon Edition,32990,84,TRUE,TRUE
motorola,Motorola Moto E22s,9022,70,FALSE,FALSE
xiaomi,Xiaomi Redmi A1 Plus (3GB RAM + 32GB),8399,61,FALSE,FALSE
infinix,Infinix Hot 20i,9999,64,FALSE,FALSE
tecno,Tecno Spark 9 (3GB RAM + 64GB),8390,63,FALSE,FALSE
zte,ZTE Axon 30S,19999,82,TRUE,TRUE
honor,Honor X6,13999,71,FALSE,FALSE
xiaomi,Xiaomi Civi 2,29999,85,TRUE,TRUE
tcl,TCL Ion X,8990,60,FALSE,FALSE
samsung,Samsung Galaxy Z Fold 4 (12GB RAM + 1TB),163980,,TRUE,TRUE
nothing,Nothing Phone 1 Lite,24990,80,TRUE,TRUE
motorola,Motorola Moto Edge X30 Pro,59990,,TRUE,TRUE
oneplus,OnePlus Ace Pro,47990,86,TRUE,TRUE
realme,Realme GT 2 Explorer Master Edition,40990,86,TRUE,TRUE
samsung,Samsung Galaxy M35,22999,74,FALSE,TRUE
samsung,Samsung Galaxy A05,12990,63,FALSE,FALSE
infinix,Infinix Note 12 Turbo,14999,79,FALSE,FALSE
poco,POCO F5 GT 5G,42999,86,TRUE,TRUE
iqoo,iQOO Z8 5G,14999,78,TRUE,FALSE
vivo,Vivo Y55 4G,22990,83,FALSE,FALSE
vivo,Vivo X Fold 5G (12GB RAM + 512GB),118990,,TRUE,TRUE
oppo,Oppo K10 Pro 5G,29990,81,TRUE,FALSE
tecno,Tecno Spark 8C,7399,62,FALSE,FALSE
iqoo,iQOO Z7 5G,17999,80,TRUE,FALSE
infinix,Infinix Note 11 (6GB RAM + 128GB),12799,77,FALSE,FALSE
xiaomi,Xiaomi 11i HyperCharge 5G (8GB RAM + 128GB),26999,86,TRUE,FALSE
samsung,Samsung Galaxy F42 5G (8GB RAM + 128GB),22999,82,TRUE,FALSE
apple,Apple iPhone 13 Pro (1TB),147900,84,TRUE,TRUE
nubia,Nubia Red Magic 6S 5G,44999,84,TRUE,TRUE
micromax,Micromax IN 2B (6GB RAM + 64GB),7790,68,FALSE,FALSE
nokia,Nokia X60 5G,39990,87,TRUE,FALSE
vivo,Vivo Y12a,9999,65,FALSE,FALSE
oppo,Oppo Reno 5A,22990,80,TRUE,FALSE
poco,Poco F3 GT,32999,79,TRUE,FALSE
honor,Honor 50,32990,85,TRUE,TRUE
oppo,OPPO A54 (6GB RAM + 128GB),14999,74,FALSE,FALSE
realme,Realme 8i,12499,74,FALSE,FALSE
iqoo,iQOO 7 Legend,39990,84,TRUE,TRUE
realme,Realme C11 2021,6499,61,FALSE,FALSE
samsung,Samsung Galaxy A22,18499,76,FALSE,FALSE
realme,Realme GT 5G,30994,85,TRUE,TRUE
google,Google Pixel 5A,32999,78,TRUE,TRUE
samsung,Samsung Galaxy F12,10499,73,FALSE,FALSE
samsung,Samsung Galaxy F41 (6GB RAM + 128GB),19999,82,FALSE,FALSE
samsung,Samsung Galaxy A21s (6GB RAM + 128GB),17499,75,FALSE,FALSE
xiaomi,Xiaomi Redmi 9A (6GB RAM + 128GB),10990,69,FALSE,FALSE
vivo,Vivo V20 SE,19000,82,FALSE,FALSE
oppo,OPPO A53 2020 (6GB RAM + 128GB),13990,70,FALSE,FALSE
realme,Realme Narzo 20,10499,72,FALSE,FALSE
itel,itel Vision 1 (3GB RAM + 32GB),5890,,FALSE,FALSE
realme,Realme C11,6490,61,FALSE,FALSE
xiaomi,Xiaomi Mi 10 5G (8GB RAM + 256GB),54999,88,TRUE,TRUE
vivo,Vivo Y21 (2020),9990,65,FALSE,FALSE
oneplus,OnePlus Z,24999,79,FALSE,FALSE
sharp,Sharp Aquos R5G,59990,88,FALSE,TRUE
huawei,Huawei Mate 30 RS Porsche Design,214990,,TRUE,TRUE
samsung,Samsung Galaxy A11,9990,63,FALSE,FALSE
realme,Realme C2,6999,,FALSE,FALSE
huawei,Huawei Mate X,169000,,TRUE,TRUE
samsung,Samsung Galaxy A9 Pro (2019),39990,78,FALSE,TRUE
samsung,Samsung Galaxy A7 (2018),21490,70,FALSE,FALSE
vivo,Vivo Y55S,13490,,FALSE,FALSE
poco,Poco C55,7999,70,FALSE,FALSE
blackview,Blackview BV5200 Pro,8990,67,TRUE,TRUE
honor,Honor X7a,13999,75,FALSE,FALSE
oppo,OPPO A58x,13990,72,TRUE,FALSE
doogee,Doogee S99,14999,84,FALSE,TRUE
lava,Lava X3,6999,,FALSE,FALSE
motorola,Motorola Edge 40 Fusion,42990,87,TRUE,TRUE
ikall,iKall Z18,6799,61,FALSE,FALSE
oukitel,Oukitel WP9,25899,72,FALSE,TRUE
xiaomi,Xiaomi 14,54999,89,TRUE,TRUE
motorola,Motorola ThinkPhone,49990,89,TRUE,TRUE
xiaomi,Xiaomi Civi 3,32990,86,TRUE,TRUE
realme,Realme Narzo 50i Prime (4GB RAM + 64GB),8720,64,FALSE,FALSE
oppo,Oppo Find X6,69990,89,TRUE,TRUE
itel,itel A23s,4787,,FALSE,FALSE
google,Google Pixel 8 Pro,70990,80,TRUE,TRUE
vivo,Vivo X Fold 2,119990,,TRUE,TRUE
motorola,Motorola Moto Edge S30 Pro,34990,83,TRUE,FALSE
honor,Honor X8 5G,14990,75,TRUE,FALSE
poco,POCO X4 GT 5G (8GB RAM + 256GB),28990,85,TRUE,TRUE
motorola,Motorola Moto G91 5G,19990,80,TRUE,TRUE
samsung,Samsung Galaxy M52s 5G,24990,74,TRUE,FALSE
